Body_Ratio,Lower_Wick_Ratio,Upper_Wick_Ratio,FVG_Bull,FVG_Bear,Dist_Support,Dist_Resistance,BOS_Bull,BOS_Bear,CHoCH_Bull,CHoCH_Bear,Liquidity_Sweep_High,Liquidity_Sweep_Low,Order_Block_Bull,Order_Block_Bear,Fibo_Pos_100,Fibo_Dist_382,Fibo_Dist_500,Fibo_Dist_618,RSI_14,BB_Bandwidth,BB_Pos,XAU_Return_1,XAU_Return_3,XAU_Return_5,DXY_Return_1,DXY_Return_3,DXY_Trend,XAU_DXY_Ratio_Return,Is_NFP_Week,Is_CPI_Day,Is_FOMC_Week,Trend_H1_Bull,Trend_H1_Strong,Trend_H4_Bull,Trend_H4_Strong,Ticket,Outcome_Target,Profit_USD,Scenario,Time,H1_Dist_EMA50,H4_Dist_EMA50,Consecutive_Bull,Consecutive_Bear,ADX_14,Volume_Ratio,XAU_Return_10,XAU_Return_20
0.0443572086008866,0.1938174490855822,0.7618252441781139,0.0,0.0,0.0022892467897319,0.0051869753761748,0.0,0.0,0.0,0.0,0.0,0.0,0.0,0.0,0.5201461775522039,-0.0014710836351133,0.0003028674647437,0.0020768185646009,27.89032051659873,0.0050267488944583,0.1428607402675063,0.0001021108323795,-0.0009843219739131,-0.00140613569861,-0.0002793128902898,-0.0005584697927677,0.0,0.0003815302889971,0.0,0.0,1.0,1.0,0.0,1.0,0.0,2577450981,0,-5.84,M15_ZONA_C_SNIPER_BUY,2026-09-21 07:51:02,,,,,,,,
0.6281383705039134,0.3553706202093727,0.016490860720401,0.0,0.0,0.0035807376829095,0.0024812494922526,0.0,0.0,0.0,0.0,0.0,0.0,0.0,0.0,0.2695656634261819,-0.0046283784116607,-0.0030609419614356,-0.0014935055112103,51.957913480695865,0.004408293608058,0.6832124749810929,0.0009590410232955,0.0030137724775567,0.0015185451202344,-0.0001894487042705,-0.000578092295425,0.0,0.0011487073486848,0.0,0.0,1.0,1.0,0.0,1.0,0.0,2579837091,0,-6.4,M15_ZONA_C_SNIPER_BUY,2026-09-21 15:54:56,,,,,,,,
0.3574350352729243,0.3519780118337725,0.2905864981413497,0.0,1.0,0.000735169944981,0.0038256022990935,0.0,0.0,0.0,0.0,0.0,0.0,0.0,0.0,0.2602820087115521,-0.0056167706336583,-0.003763973239906,-0.0019111758461537,45.79675553370543,0.0030589703470046,0.0586740324095471,-0.0002439219891871,-0.0017081731034609,-0.001197736243982,-8.961554929354243e-05,0.0002689430537985,1.0,-0.0001543202693893,0.0,0.0,1.0,0.0,0.0,0.0,0.0,2583401048,1,9.0,M15_ZONA_B-Diag_BUY,2026-09-22 05:08:10,,,,,,,,
0.3576773340247605,0.5606983701914787,0.0816241572028486,0.0,0.0,-9.357126246760996e-05,0.0085636142845057,0.0,1.0,0.0,0.0,0.0,0.0,0.0,0.0,0.3034194386521141,-0.0038673868468765,-0.002416719732635,-0.0009660526183935,33.88099144268452,0.0086916467130713,0.1443499545759133,-0.0006810388825525,-0.0016072531411041,-0.0012742621375425,-4.982213497806143e-05,-7.971303308085265e-05,0.0,-0.0006312481977074,0.0,0.0,1.0,0.0,0.0,0.0,0.0,2584927512,1,0.2,M15_ZONA_A-Horiz_BUY,2026-09-22 12:19:50,,,,,,,,
0.2364625902791811,0.5104472468441235,0.2530900157313374,0.0,0.0,0.000816713850976,0.0086626779600261,0.0,0.0,0.0,0.0,0.0,0.0,0.0,0.0,0.0577278744009064,-0.0079265345671185,-0.0062571116857927,-0.0045876888044671,24.94329182751494,0.0104563334516777,0.1145927116628636,-0.0003747559399048,-0.0002798782795703,-0.0005464155855036,-0.0003085928167556,-7.965509344542987e-05,1.0,-6.618354691634298e-05,0.0,0.0,1.0,0.0,0.0,0.0,0.0,2585747588,1,0.2,M15_ZONA_A-Horiz_BUY,2026-09-22 14:28:34,,,,,,,,
0.8972713450080343,0.0678334527846906,0.0348950934998187,0.0,0.0,0.0072972996105223,0.0035040732422555,0.0,0.0,0.0,0.0,0.0,0.0,0.0,0.0,0.3725626779190259,-0.0048073242297133,-0.0024960853293187,-0.000184846428924,53.68183086036339,0.0090585283148714,0.5951041907083028,-0.0018934837468859,-0.0018556889554067,0.0006499757763658,0.0001694357788564,-0.0001594165354802,0.0,-0.002062570052579,0.0,0.0,1.0,0.0,0.0,0.0,0.0,2587188646,1,0.2,M15_ZONA_A-Diag_SELL,2026-09-22 18:55:35,,,,,,,,
0.0694878092617007,0.3699249890810224,0.5605870455048965,0.0,1.0,4.046705923572337e-05,0.0053081219700289,0.0,0.0,0.0,0.0,0.0,1.0,0.0,0.0,0.4146549294997034,-0.0037514757453165,-0.0015745153491555,0.0006024450470053,29.932143381574107,0.0062616464400626,0.0503329459471728,-8.87884058989874e-05,-0.0022527443497393,-0.0014685288042919,-5.954448469214224e-05,0.0004368763342104,1.0,-2.924566262485495e-05,0.0,0.0,0.0,0.0,0.0,0.0,0.0,2591745453,0,-7.25,M15_ZONA_A-Horiz_BUY,2026-09-23 15:10:44,,,,,,,,
0.1568345041663605,0.5203236474238573,0.3228416685536994,0.0,0.0,0.0002402522903897,0.0070993740929723,0.0,0.0,0.0,0.0,0.0,1.0,0.0,0.0,0.311762047682916,-0.0056604726872299,-0.0034793720124847,-0.0012982713377395,27.736165888129943,0.0082897642757962,0.2087461105649596,-0.0001880888780173,-0.0004545813486406,-0.0006360205258432,0.0003173690108997,0.0006250124010396,1.0,-0.0005052975231421,0.0,0.0,0.0,0.0,0.0,0.0,0.0,2592236187,0,-6.8,M15_ZONA_A-Horiz_BUY,2026-09-23 16:48:34,,,,,,,,
0.1470728866586526,0.7747646534723112,0.0781623801115055,0.0,1.0,9.060769886655052e-05,0.0076435725454025,0.0,0.0,0.0,0.0,0.0,1.0,0.0,0.0,0.1267335499910926,-0.0087483084513749,-0.006647003905424,-0.0045456993594731,23.7895478410327,0.0055043842475737,-0.0651073056226723,-0.0004091934291244,-0.0025863001864702,-0.0030635805884752,0.0004164064126588,0.0008232330245383,1.0,-0.0008252561998095,0.0,0.0,0.0,0.0,0.0,0.0,0.0,2592746187,1,0.2,M15_ZONA_A-Horiz_BUY,2026-09-23 18:48:07,,,,,,,,
0.7920842933888851,0.079683363292207,0.1282321674174436,0.0,0.0,0.0034207435690786,0.0064681083712727,0.0,0.0,0.0,0.0,0.0,0.0,0.0,0.0,0.1923182273438883,-0.0075715555502441,-0.0054727022760326,-0.003373849001821,35.10604280565501,0.0048094790466542,0.1473502614070793,0.0010337185038167,-0.0013144938005349,-0.0015132669791291,-0.0003171425456635,0.0006745964821777,1.0,0.0013512896009042,0.0,0.0,0.0,0.0,0.0,0.0,0.0,2592820420,1,0.2,M15_ZONA_B-Diag_BUY,2026-09-23 19:30:14,,,,,,,,
0.6245024148624314,0.2850208440907679,0.0904766439688566,0.0,0.0,0.0036193585568597,0.0035300346437577,0.0,0.0,0.0,0.0,0.0,0.0,0.0,0.0,0.2035251574903147,-0.0073707498331847,-0.0052723148535691,-0.0031738798739535,43.59001603857352,0.0046277960279358,0.2930319766512079,0.0014526346312555,-0.0019940872026467,0.0012332610194973,-0.0006339395380166,-2.9733881758309263e-05,1.0,0.0020878977702201,0.0,0.0,0.0,0.0,0.0,0.0,0.0,2593179348,0,-7.6,M15_ZONA_B-Diag_BUY,2026-09-23 20:08:03,,,,,,,,
0.4725911183180431,0.0753975537140942,0.4520111408771586,0.0,0.0,0.0024180317347702,0.0032334552345566,0.0,0.0,0.0,0.0,0.0,0.0,0.0,0.0,0.1071724098310596,-0.0115253291491728,-0.0088630045345387,-0.0062006799199045,48.83554130024461,0.003432787244913,0.4418843467035659,0.0005431325719826,0.0001610569067738,7.421978204602553e-05,2.9672416521631103e-05,0.0001088074701274,1.0,0.0005134449203094,0.0,0.0,0.0,0.0,0.0,0.0,0.0,2595301847,1,0.2,M15_ZONA_C_SNIPER_BUY,2026-09-24 06:43:32,-0.0095642814328621,-0.0126403617147713,1.0,0.0,17.38417106185248,0.6975920677641024,0.0006169656684995,-0.0021608371724539
0.058857797424646,0.6536517766800357,0.2874902316451616,0.0,0.0,0.002696092730841,0.004282757188297,0.0,0.0,0.0,0.0,0.0,0.0,0.0,0.0,0.1562842395968194,-0.0079651567687026,-0.0059295136158167,-0.0038938704629307,42.82179587048731,0.0057271121397531,0.3281666010869217,6.861470184338359e-05,-0.0001903914831542,-0.0012930477938245,-0.0001285436010005,9.889338304480688e-06,0.0,0.0001971836495404,0.0,0.0,0.0,0.0,0.0,0.0,0.0,2596572850,1,0.2,M15_ZONA_C_SNIPER_BUY,2026-09-24 12:31:55,-0.0070753618199725,-0.0111789226357775,2.0,0.0,19.11427299048201,0.749197850141061,-0.0011396326182482,-0.0014131396822394
0.238250545094854,0.2458619976003197,0.5158873364881199,0.0,1.0,0.0013555835038035,0.0056326469187524,0.0,0.0,0.0,0.0,0.0,0.0,0.0,0.0,0.0784735457371311,-0.0093199961344489,-0.007281616806151,-0.0052432374778529,42.3839388174017,0.0057351533743357,0.159334679560306,-0.0004792835971496,-0.0026120224819924,-0.0016973769973223,0.0004351265822784,0.0007716202045782,1.0,-0.0009140124683065,0.0,0.0,0.0,0.0,0.0,0.0,0.0,2596946151,1,0.2,M15_ZONA_A-Diag_BUY,2026-09-24 13:35:57,-0.0081357169857502,-0.0124853706273945,0.0,2.0,10.63917375817857,1.0362059766384712,-0.0015324647810754,-0.0044279565444677
0.4356124141564684,0.3901908202234304,0.1741966448179898,0.0,0.0,0.0011646550676402,0.0051835681497339,0.0,0.0,0.0,0.0,0.0,0.0,0.0,0.0,0.0678864326873074,-0.0094377110818693,-0.0074133110281124,-0.0053889109743555,36.80754458337718,0.0041785545467373,0.1234015335619163,-0.0008561048025469,-0.0001605437643001,-0.002863099115434,0.0003957496487723,-0.0004646059252082,1.0,-0.0012513592263448,0.0,0.0,0.0,0.0,0.0,0.0,0.0,2597157735,1,0.2,M15_ZONA_A-Diag_BUY,2026-09-24 14:50:04,-0.0080007001447089,-0.0126714477292427,0.0,2.0,15.171733281244384,1.2408097487195853,-0.0015208736820708,-0.0026711086464525
0.2045727792331099,0.3169674708823953,0.4784596295475659,0.0,0.0,0.0006054161878577,0.0077641518086369,0.0,0.0,0.0,0.0,0.0,1.0,0.0,0.0,0.0621888039748467,-0.0090859429721877,-0.0071569762545967,-0.0052280095370056,32.67550083816295,0.0082400958074521,0.041406662773801,0.0003867151155627,-0.0002964041996535,-0.0035711430883341,0.0005436770360705,0.0009790444921331,1.0,-0.0001568766302865,0.0,0.0,0.0,0.0,0.0,0.0,0.0,2597949075,0,-8.43,M15_ZONA_A-Diag_BUY,2026-09-24 16:30:23,-0.0104079816935594,-0.0157132265711956,1.0,0.0,24.547498073908063,1.2026884764101746,-0.0034402393697841,-0.0051000726481476
0.697941202126249,0.0997212041753412,0.2023375400848591,0.0,0.0,0.0033780943950446,0.0075841001570824,0.0,0.0,0.0,0.0,0.0,1.0,0.0,0.0,0.1946312211267167,-0.007598929213813,-0.0054809797577315,-0.00336303030165,32.107917431497214,0.0119273911562619,0.2992316057680603,0.0030825597493253,0.0008462370182751,0.0007397030191067,-0.0004837117472852,0.0003754458419373,1.0,0.0035679973788567,0.0,0.0,0.0,0.0,0.0,0.0,0.0,2598448052,1,0.2,M15_ZONA_B-Diag_BUY,2026-09-24 17:51:29,-0.0109041615260344,-0.0166929547151781,1.0,0.0,39.29590830745411,1.039646340315867,-0.0043238832890502,-0.0052506312202346
0.4769820463573748,0.4732522939841755,0.0497655530940962,0.0,0.0,0.0025994731490004,0.0070113626188663,0.0,0.0,0.0,0.0,0.0,0.0,0.0,0.0,0.1861807745130272,-0.0060290996267297,-0.0043815727411833,-0.0027340458556371,38.41156404311247,0.0089420979489972,0.244611142996641,0.0010671542576654,0.0004613072110875,-0.0028381581944523,-0.0002072252538509,0.0002961851354552,1.0,0.0012746436498702,0.0,0.0,0.0,0.0,0.0,0.0,0.0,2600157994,1,0.2,M15_ZONA_B-Diag_BUY,2026-09-24 22:55:44,-0.010050466882536,-0.0171511595390246,2.0,0.0,29.692563681789093,0.9018368899234932,-0.0054601498578692,-0.0008136557022353
0.2330478403696204,0.236136426205706,0.5308155930344082,0.0,0.0,0.0028331906166419,0.0066347404141953,0.0,0.0,0.0,0.0,0.0,0.0,0.0,0.0,0.2129776096115581,-0.005652844788374,-0.0040059340778092,-0.0023590233672447,36.59757821872563,0.0089982995946202,0.2895966706092377,0.0003774313003355,0.0022294604277248,4.839680872392727e-05,-0.0001184354674746,-0.0005820377239365,1.0,0.000495925502979,0.0,0.0,0.0,0.0,0.0,0.0,0.0,2600228870,1,15.2,M15_ZONA_B-Diag_BUY,2026-09-24 23:16:17,-0.0096873747179224,-0.0167854117156744,3.0,0.0,30.55849993067309,0.7671040942824715,-0.0046437029526644,-0.0003409941953486
0.0943042600169754,0.3396202423656135,0.5660753727111064,0.0,0.0,0.0067790684940737,0.0035157745374154,0.0,0.0,0.0,0.0,0.0,0.0,0.0,0.0,0.4976266538019326,-0.0016733869130354,-3.2993174834580035e-05,0.001607400563366,47.7083942054424,0.0095277563575591,0.6761901552034213,-0.0001401433486305,0.0034164936036129,0.0043517405904802,0.0003458737264434,-0.0006121038602034,0.0,-0.0004858490326586,0.0,0.0,0.0,0.0,0.0,0.0,0.0,2600670946,1,0.2,M15_ZONA_C_SELL,2026-09-25 01:25:34,-0.0054702192154673,-0.0123406823356788,0.0,2.0,20.646216103228653,1.0605331727679828,0.0014979363536404,0.0018350740124637
0.3763073237666454,0.4662752970890546,0.1574172724207256,0.0,0.0,0.002259124876471,0.0121626463882798,0.0,0.0,0.0,0.0,0.0,0.0,0.0,0.0,0.0534806639390255,-0.0238463692954685,-0.0188618250548154,-0.013877280814162,24.51354445202917,0.0163349344518203,0.283737873527162,0.0008378427069699,0.0012766175113028,0.001141829010804,8.902693559398323e-05,9.891979582965504e-05,0.0,0.000748749112537,0.0,0.0,0.0,0.0,0.0,0.0,0.0,2612620857,1,0.2,M15_ZONA_C_SNIPER_BUY,2026-09-28 18:03:57,-0.0244249420294936,-0.0356271329750589,3.0,0.0,92.20847072246156,0.8396765315605871,-0.002722793870085,-0.0115583145144905
0.6782830649220508,0.2589365459402971,0.0627802610146704,0.0,0.0,0.0035857285117396,0.005890942834824,0.0,0.0,0.0,0.0,0.0,0.0,0.0,0.0,0.0849986018870891,-0.0224850556023758,-0.0175071388485528,-0.0125292220947297,49.73434736197084,0.0066593472787614,0.5348320699674627,0.001262130962834,-0.0001710749546507,5.0780344685419365e-05,-0.0005140473318967,-0.0002867454392644,0.0,0.0017770918040309,0.0,0.0,0.0,0.0,0.0,0.0,0.0,2613128979,1,0.2,M15_ZONA_C_SNIPER_BUY,2026-09-28 19:28:17,-0.0213427035310102,-0.0343022969576384,1.0,0.0,60.64694766332216,1.2027645882047693,0.0026096947651201,-0.0035193923892299
0.3305122668108763,0.2507178100774827,0.418769771985776,0.0,0.0,0.0046330991762652,0.0100408029446112,0.0,0.0,0.0,0.0,0.0,0.0,0.0,0.0,0.1009012234239067,-0.0237437149924851,-0.0183254882926711,-0.0129072615928573,44.87874627986268,0.014309365241839,0.3691188750292992,-0.0005169428253005,0.0029957396623301,0.0023815320105133,0.0002669725314927,-0.0004841418832129,0.0,-0.0007837061287842,0.0,0.0,0.0,0.0,0.0,0.0,0.0,2615812304,1,0.2,M15_ZONA_C_SNIPER_BUY,2026-09-29 02:33:25,-0.0228626713806521,-0.03742510532172,0.0,2.0,28.910785577901063,0.538349577069781,-0.0030269979538372,-0.0045848617611875
0.5357848555060986,0.238472351210247,0.2257425103983029,1.0,0.0,0.0036765828499806,0.0037897569446968,0.0,0.0,0.0,0.0,0.0,0.0,0.0,0.0,0.0888147076793215,-0.0226281854431455,-0.0175824558099992,-0.0125367261768529,43.03909664183404,0.0073416900281663,0.4744392092257823,-0.0004251308276532,0.0011553698250981,0.0002060338341491,-7.906310223837476e-05,-4.9415904014527e-05,0.0,-0.000346095088766,0.0,0.0,0.0,0.0,0.0,0.0,0.0,2616793704,0,-7.0,M15_ZONA_B-Diag_BUY,2026-09-29 07:16:08,-0.0186507514763794,-0.0367023542925467,0.0,1.0,37.31187060567589,0.5228124070807059,0.0012000659963509,-0.0026480769537541
0.3557372638209498,0.2317045695987558,0.4125579454881478,0.0,0.0,0.0036926503783119,0.0028991362661866,0.0,0.0,0.0,0.0,0.0,0.0,0.0,0.0,0.1955592735851808,-0.0092905890868557,-0.0066954568652657,-0.0041003246436757,41.62753464966852,0.0059010976346635,0.4151682129739343,0.0004449145611373,-0.0002637084822598,-0.0012958932979313,-0.0001480764864411,0.000197503555064,1.0,0.0005930788686134,0.0,0.0,0.0,0.0,0.0,0.0,0.0,2618172205,1,0.2,M15_ZONA_A-Diag_BUY,2026-09-29 12:28:12,-0.0143533519726277,-0.0333839737194387,1.0,0.0,12.330885889438948,0.6106235563939574,-0.0019518704619435,0.0014255587622742
0.3044255931621515,0.2873413134816768,0.4082329306487461,0.0,0.0,0.0041863998655859,0.0024021200246553,0.0,0.0,0.0,0.0,0.0,0.0,0.0,0.0,0.2210279566825366,-0.0086107141084969,-0.0060511779636356,-0.0034916418187744,42.77310379937623,0.0054956470685314,0.4778571717021135,0.000424339863291,0.0008907537531119,-0.0001355578374458,-9.873325237275132e-06,-9.873325237275132e-06,1.0,0.0004342174756986,0.0,0.0,0.0,0.0,0.0,0.0,0.0,2618232548,0,-6.5,M15_ZONA_A-Diag_BUY,2026-09-29 12:32:58,-0.0138700937464962,-0.0328912843075055,2.0,0.0,14.031235243641037,0.6662655560130892,-0.0016952134750861,0.0022673150903116
0.8623041541047147,0.083892608065699,0.0538031259727755,0.0,0.0,0.0051498042915678,0.0005643192955601,0.0,0.0,0.0,0.0,0.0,0.0,0.0,0.0,0.7966535074230956,0.002603173985145,0.0043225608939471,0.0060419478027493,66.22943917172339,0.0063859240388391,0.8522607379724735,0.0018731856224332,0.0009412569956501,0.0013302136913058,-0.000167700821734,0.0005824571795252,0.0,0.0020412287599076,0.0,0.0,0.0,0.0,0.0,0.0,0.0,2620416628,1,2.0,M15_ZONA_C_SNIPER_SELL,2026-09-29 20:30:26,-0.0044039715704651,-0.0239159809214591,1.0,0.0,38.61777578069022,1.4720691426586572,0.0019105954090785,0.0044462337791564
0.0067353019595229,0.2290002666216814,0.7642643352001962,0.0,0.0,0.0042318476862136,0.0014875483705919,0.0,0.0,0.0,0.0,1.0,0.0,0.0,0.0,0.7333872257324554,0.0016828675826844,0.0034038409841836,0.0051248143856827,57.42750434303477,0.0058452414394911,0.6679601429294607,-4.813270379044887e-06,0.0009496010447056,1.8531523565457064e-05,0.0003650067082314,0.000335401643468,1.0,-0.0003696850410904,0.0,0.0,0.0,0.0,0.0,0.0,0.0,2620629248,0,-8.4,M15_ZONA_C_SNIPER_SELL,2026-09-29 20:53:20,-0.0052945588827256,-0.0248245721281198,0.0,2.0,41.26178493608209,2.176358155489099,-0.0003853962255709,0.0036691095996128
0.3018847962214533,0.4750598276517796,0.2230552719926531,0.0,0.0,0.006740191376545,0.0012217616003806,0.0,0.0,0.0,0.0,0.0,0.0,0.0,0.0,0.9211153632080938,0.0046946378650657,0.0065222167575333,0.008349795650001,59.028496781917326,0.0066044508557564,0.9714101306524529,0.0007078995348979,0.0008971623460625,0.0035490655667482,0.0004931647367487,0.0005523771947131,1.0,0.0002146289507192,0.0,0.0,0.0,0.0,0.0,0.0,0.0,2621148781,1,0.2,M15_ZONA_A-Diag_SELL,2026-09-29 22:04:03,-0.0016235140995865,-0.0212678123398285,1.0,0.0,36.43707723442557,1.0711249642419556,0.0036403613695228,0.0059347188166745
0.806073977795022,0.1598224034080738,0.0341035178989222,0.0,0.0,0.004655230196893,0.0030962794435441,0.0,0.0,0.0,0.0,0.0,0.0,0.0,0.0,0.8004582770722387,0.0028311968849815,0.0046621974262537,0.006493197967526,59.010513552824406,0.0064245200269247,0.6670862672650264,-0.0019177956715556,-0.0025262661465239,0.0011564344585719,0.0003746167571989,0.0010061850788669,1.0,-0.0022915539742359,0.0,0.0,0.0,0.0,0.0,0.0,0.0,2621247335,1,6.37,M15_ZONA_B-Diag_SELL,2026-09-29 22:23:16,-0.003363432536688,-0.0231064402081277,0.0,1.0,35.03065849823644,1.065865667152056,0.001388620576749,0.0032618425879551
0.1718622099402644,0.301809655363716,0.526328017941801,0.0,0.0,0.0022077524123164,0.0042526713587718,0.0,0.0,0.0,0.0,0.0,0.0,0.0,0.0,0.7262494468593376,0.0016816382975654,0.0035147496573763,0.0053478610171872,51.86620927927272,0.00602003168255,0.4638717819995295,0.000338288481638,-0.0011267776178238,-0.0023123118367039,-0.0002857339915067,-0.0001379609373459,1.0,0.000624200828539,0.0,0.0,0.0,0.0,0.0,0.0,0.0,2621545215,1,6.5,M15_ZONA_B-Diag_SELL,2026-09-29 23:07:03,-0.0044749237082842,-0.0242406915622922,2.0,0.0,26.563312959441067,1.3432307230827638,0.0005879409767906,0.0009516887359104
0.0586220447079037,0.4760900439875906,0.4652877795695737,1.0,0.0,0.0058377310923561,0.0021089562598584,0.0,0.0,0.0,0.0,0.0,0.0,0.0,0.0,0.8628916355184757,0.0037668441407639,0.0055818819608516,0.0073969197809391,47.264601214262754,0.0088540141234548,0.7664047619058609,7.848899797857634e-05,0.0051918023563832,0.004670439702282,-0.0001873564011793,-0.0017524859702667,0.0,0.0002658952163288,0.0,0.0,0.0,0.0,0.0,0.0,0.0,2622207578,1,2.0,M15_ZONA_B-Horiz_SELL,2026-09-30 01:34:40,-0.0016869385324645,-0.0211540302450158,2.0,0.0,19.33015302786738,1.0909962831285895,0.0020158080523617,0.0027284023143165
0.297316365092703,0.3741653586180702,0.3285182120878955,0.0,0.0,0.0068324442316365,0.0011062920299258,0.0,0.0,0.0,0.0,1.0,0.0,0.0,0.0,0.920778422368786,0.0046890963056705,0.0065165493039639,0.0083440023022576,56.22167247807677,0.0093248573201596,0.8413396837027372,0.0010820461232963,0.0064522963712649,0.0054238113490463,-0.000246560481286,-0.0021066309655063,0.0,0.0013289342672548,0.0,0.0,0.0,0.0,0.0,0.0,0.0,2622294861,1,2.0,M15_ZONA_A-Horiz_SELL,2026-09-30 01:52:54,-0.0007239339699875,-0.0201715478040116,3.0,0.0,17.705679296765624,1.3520329036876724,0.0048330024196334,0.0036648168915114
0.346292004852627,0.1362299679468692,0.5174778638552184,0.0,0.0,0.006312333483507,0.0017512269383801,0.0,0.0,0.0,0.0,0.0,0.0,0.0,0.0,0.8869811446334555,0.0041678631101888,0.0059962731251916,0.0078246831401947,60.9388199027438,0.0098304954129642,0.7520758082144726,-0.00052581114101,0.0005580650480621,0.0059255044280206,0.0001677041304539,-8.876177326300194e-05,0.0,-0.00069339898559,0.0,0.0,0.0,0.0,0.0,0.0,0.0,2622384478,0,-8.5,M15_ZONA_A-Diag_SELL,2026-09-30 02:59:49,-0.0011991510364698,-0.0206852634243605,0.0,1.0,23.54181655578268,0.6480576678851574,0.0050177279230338,0.0004886630648965
0.4158344232442507,0.3264383436904697,0.2577269953097488,0.0,0.0,0.0093812628245906,0.0009312625854375,0.0,0.0,0.0,0.0,0.0,0.0,0.0,0.0,0.9474486707317388,0.0058381646383286,0.0079292442519526,0.0100203238655767,80.46909712628967,0.0133346408589348,0.8044824398751148,-4.9263133527488456e-05,0.0013544826767029,0.0009807716568721,1.9728535353591425e-05,-0.0005422298463025,0.0,-6.899030780327386e-05,0.0,0.0,0.0,1.0,0.0,0.0,0.0,2622677616,1,2.0,M15_ZONA_A-Horiz_SELL,2026-09-30 05:54:34,0.0016692307611405,-0.0170032041078556,0.0,2.0,52.60113542669053,0.3277157055686575,0.002623920477202,0.0074183936940641
0.5770437552374891,0.0550043884209064,0.367951730760809,0.0,0.0,0.0101863377191042,0.000117806711446,0.0,0.0,0.0,0.0,1.0,0.0,0.0,0.0,0.960684321225299,0.0061026625468567,0.0082040547253991,0.0103054469039417,65.97339714294824,0.0057433293660258,0.8602787580189694,0.0010987438962659,0.000566653380996,0.0017388152932444,-9.861349427153776e-06,9.861543923461724e-06,1.0,0.0011086161781443,0.0,0.0,0.0,1.0,0.0,0.0,0.0,2622856228,1,0.2,M15_ZONA_A-Horiz_SELL,2026-09-30 07:21:48,0.002404940122595,-0.016208557132955,1.0,0.0,71.56156792191989,0.6376481309764594,0.0021689444135253,0.0098625683556585
0.2010443339311011,0.5177544340067306,0.2812009709656307,0.0,0.0,0.0055048003254879,0.0010740432457191,0.0,0.0,0.0,0.0,0.0,0.0,0.0,0.0,0.9397114935966204,0.0057313104718857,0.0078334877982662,0.0099356651246469,57.71879807352815,0.0050978987266515,0.7495876665294422,-0.0001971758208428,0.0007248408460016,0.0001929490626428,-0.0001577629217693,-3.944539770828204e-05,1.0,-3.941911794880237e-05,0.0,0.0,0.0,1.0,0.0,0.0,0.0,2622934188,1,6.5,M15_ZONA_A-Horiz_SELL,2026-09-30 07:59:58,0.0019500081857367,-0.0160036903873146,0.0,2.0,71.60045528043509,1.336907643642968,0.0003902788054215,0.0040989577745182
0.3823437911881087,0.0950954986994235,0.5225606068600263,0.0,0.0,0.0013028986559558,0.0035341455541729,0.0,0.0,0.0,0.0,0.0,0.0,0.0,0.0,0.8021066648492847,0.003287932067626,0.005395275416768,0.0075026187659103,31.287032199594563,0.004052552204192,0.1550572766119654,-0.0009011754785459,-0.0022234166734014,-0.0028902542090403,0.0001775393052294,-9.861446674253038e-06,1.0,-0.0010785233034975,0.0,0.0,0.0,0.0,0.0,0.0,0.0,2623112726,1,6.5,M15_ZONA_B-Horiz_SELL,2026-09-30 08:29:45,-0.0004243434822518,-0.0184041106559262,0.0,5.0,60.87589801525496,2.3744009878655734,-0.0010901107992064,0.0011028196389697
0.5485150474182126,0.1137265480051467,0.3377582677215889,0.0,1.0,0.0002223825252916,0.0046198950076202,0.0,0.0,0.0,0.0,0.0,0.0,0.0,0.0,0.7415900604952737,0.0022095635957647,0.0043191869339831,0.0064288102722017,29.896200026121875,0.0043538895710803,-0.0606185034532334,-0.0010223451677894,-0.0024707943729542,-0.003726025511444,-0.0005325233718591,-0.0005719469864311,0.0,-0.0004900827764626,0.0,0.0,0.0,0.0,0.0,0.0,0.0,2623172024,0,0.2,M15_ZONA_C_SNIPER_SELL,2026-09-30 08:43:45,-0.0014642998991168,-0.0194635198462401,0.0,6.0,57.178560736799405,1.6801692855621708,-0.0025180568822897,-0.0006700568265722
0.2753354503569884,0.1257133848969771,0.5989510104964825,0.0,0.0,0.000494517143101,0.0043233077297202,0.0,0.0,0.0,0.0,0.0,1.0,0.0,0.0,0.7581080072712792,0.0025041346578334,0.0046131351859259,0.0067221357140186,33.27218770064454,0.0046417634745576,0.0461733225452962,0.0004429112368453,-0.0016862324376724,-0.003007434661581,-8.880206020778214e-05,-0.0004537115578087,0.0,0.0005317605184829,0.0,0.0,0.0,0.0,0.0,0.0,0.0,2623245852,0,-6.5,M15_ZONA_C_SNIPER_SELL,2026-09-30 09:06:14,-0.0011802216139899,-0.0191741277706192,1.0,0.0,52.94169396819834,1.9929978866392768,-0.0030429525653736,-0.0006499800116764
0.175062935545104,0.1431569808654052,0.6817798736818942,0.0,0.0,0.0027222694082252,0.0022141922254858,0.0,0.0,0.0,0.0,0.0,0.0,0.0,0.0,0.8700561675553848,0.0042949394943015,0.0063056136904661,0.0083162878866308,47.67023291068337,0.004339825603071,0.5308026610092551,-0.0002548112673954,0.000676297844061,0.0015138358025041,2.960536054397167e-05,0.0001085615593388,0.0,-0.000284408207932,0.0,0.0,0.0,1.0,0.0,0.0,0.0,2623610566,1,6.5,M15_ZONA_C_SNIPER_SELL,2026-09-30 10:52:05,0.0008204683103017,-0.0171161793723719,0.0,1.0,27.064264722041667,1.099718084424959,-7.633737578438549e-05,-0.0006935477814962
0.4651894164434337,0.0634520881968782,0.4713583694626876,1.0,0.0,0.0033886647025214,0.0015444983166691,0.0,0.0,0.0,0.0,0.0,0.0,0.0,0.0,0.9018958360895616,0.0044695017502958,0.0063272295196723,0.008184957289049,60.98833812740124,0.004435641123372,0.7313373215340664,0.0008722609295321,0.002095361349774,0.0001210298443807,0.0002070475026128,0.0003747201924877,1.0,0.0006650757246515,0.0,0.0,0.0,1.0,0.0,0.0,0.0,2623930205,1,0.2,M15_ZONA_B-Horiz_SELL,2026-09-30 12:00:50,0.0014833829004576,-0.015539868472433,3.0,0.0,19.067876635074448,0.79342041571297,0.0010740261640052,0.0002547707924065
0.4901991500323195,0.2082261876243662,0.3015745016749595,0.0,0.0,0.0034499702873373,0.00119640117932,0.0,0.0,0.0,0.0,0.0,0.0,0.0,0.0,0.8828006185392127,0.0041701306835635,0.0060284170997569,0.0078867035159506,50.56514421399415,0.0033629572528566,0.7300622124296029,-0.0007303211907176,0.0010503753906578,0.0017604950283871,-0.000385128129166,-0.0014402399084559,0.0,-0.0003453260563296,0.0,0.0,0.0,1.0,0.0,0.0,0.0,2624382568,0,-8.26,M15_ZONA_A-Diag_SELL,2026-09-30 13:51:53,0.0011268465768379,-0.0158334639096547,0.0,1.0,15.187660139435138,1.1775497573745977,0.0017941067213094,0.0029170719488431
0.4888492895790163,0.1640569200406871,0.3470936717563487,0.0,0.0,0.0079339279135227,0.0005958662316032,0.0,0.0,0.0,0.0,1.0,0.0,0.0,0.0,0.9556256395209946,0.0053019944804973,0.0071550389396915,0.0090080833988857,72.20722092879645,0.0084503898358751,0.941308784194284,0.0010153361289446,0.001637857064648,0.0010680783101666,-0.0004245068809602,-0.0003751641343087,0.0,0.0014404544927486,0.0,0.0,0.0,1.0,0.0,0.0,0.0,2625018499,1,6.5,M15_ZONA_A-Diag_SELL,2026-09-30 15:55:22,0.0051441981615019,-0.011005824848562,3.0,0.0,21.59024374591446,1.095818639356849,0.0049530495419833,0.0043393743809478
0.1370881858278504,0.36251323558533,0.5003984457494303,0.0,1.0,0.0059529022486487,0.0028211019956516,0.0,0.0,0.0,0.0,0.0,0.0,0.0,0.0,0.8175842362426806,0.0030866168949694,0.0049115143533287,0.0067364118116882,67.19082891762291,0.0081341017087372,0.6257517125506652,-0.0003191870796507,-0.0019838571660945,-0.0007558901608138,0.0003655873605581,-7.901078497207781e-05,0.0,-0.0006845241868181,0.0,0.0,0.0,1.0,0.0,0.0,0.0,2625256005,1,6.5,M15_ZONA_B-Diag_SELL,2026-09-30 16:26:26,0.0030969817848785,-0.0129463621369079,0.0,3.0,30.89653541723465,0.9426618380966046,0.0019740310666007,0.0040427075526487
0.02004677246126,0.8296022670226245,0.1503507934596782,0.0,0.0,0.0020801386342017,0.0029651299467056,0.0,0.0,0.0,0.0,0.0,0.0,0.0,0.0,0.1198713221221625,-0.0086440748334987,-0.0065964094328814,-0.0045487440322639,43.42599295755583,0.0032610332101496,0.5594679867230324,-4.258749082675095e-05,0.0003971766278163,0.0010911868475611,0.0002069230541843,0.0005717102020699,1.0,-0.000249458926208,0.0,0.0,0.0,0.0,0.0,0.0,0.0,2628913986,1,0.2,M15_ZONA_C_SELL,2026-10-01 06:38:52,-0.0042517854856802,-0.0187010094538642,0.0,1.0,57.50262538551067,0.9048031902532327,0.0012539848047397,-0.0019715752165551
0.7545172298643491,0.2318877790493952,0.0135949050425529,0.0,1.0,-0.0012138162697229,0.0040316557491575,0.0,1.0,0.0,0.0,0.0,0.0,0.0,0.0,0.0344686452419336,-0.0110099085578873,-0.0087835170748717,-0.0065571255918561,25.3466884383771,0.002983977727805,-0.3233391584798257,-0.0021082618338386,-0.0026282379132946,-0.002015978514211,-0.000167490985044,9.855032472327883e-05,1.0,-0.0019410959648697,1.0,0.0,0.0,0.0,0.0,0.0,0.0,2629264788,0,-6.5,M15_ZONA_C_SELL,2026-10-01 08:06:40,-0.0065612548142058,-0.0209161862768988,0.0,2.0,31.212457435573675,1.881265909122684,-0.0031527081272081,-0.0025000355050296
0.3646835280425346,0.4203848905826416,0.2149314355597385,0.0,1.0,0.0036581329488326,0.002531590723358,0.0,0.0,0.0,0.0,0.0,0.0,0.0,0.0,0.189160928202233,-0.0082932046679287,-0.0060112340090579,-0.0037292633501872,49.6583301191306,0.0046829958715413,0.4918633888301175,-0.0006033468428817,-0.0012547108755713,0.0022151333024378,0.0002953947951436,0.0010741032715806,1.0,-0.0008984762328227,1.0,0.0,0.0,0.0,0.0,0.0,0.0,2629681080,1,0.2,M15_ZONA_C_SELL,2026-10-01 09:22:32,-0.0037747519601741,-0.0184703860347343,0.0,2.0,23.57166488278248,1.5179768424631463,-0.0001371882427267,-0.0004191482916336
0.3537521649160644,0.2697325557756287,0.3765151867756977,0.0,0.0,0.003003125643368,0.006059582531663,0.0,0.0,0.0,0.0,0.0,0.0,0.0,0.0,0.312404669658681,-0.0055352983457945,-0.0033979448972929,-0.0012605914487913,43.54145811578486,0.0077421846414457,0.2601543810306715,-0.0009295491506614,0.0020541003772147,-6.509831767709251e-05,0.0007269012396613,0.0008252121974221,1.0,-0.0016552471890889,1.0,0.0,0.0,0.0,0.0,0.0,0.0,2633436752,1,6.5,M15_ZONA_C_SELL,2026-10-01 22:01:26,-0.0019184754577746,-0.0150254846735525,0.0,1.0,24.497803496139063,1.8008736884619632,-0.0040248978043946,0.001956898645407
0.4760395082605379,0.4876612717786637,0.0362991444948015,0.0,0.0,0.0015027398657687,0.0075736068258937,0.0,0.0,0.0,0.0,0.0,1.0,0.0,0.0,0.2665844785178493,-0.0054867350890479,-0.0036443726169326,-0.0018020101448173,33.73206778721664,0.0079437186747781,0.0813102948676776,-0.0015014445097338,-0.0013958903642239,-0.0020533210402979,0.0002355781972378,0.0012281873919195,1.0,-0.0017366135986708,1.0,0.0,0.0,0.0,0.0,0.0,0.0,2633559850,0,-8.5,M15_ZONA_C_SELL,2026-10-01 22:20:04,-0.0032918590122404,-0.0164939859104342,0.0,2.0,25.30551612003817,1.4227894336074165,-0.0061761191017822,-0.0006191417469125
0.2704051475040266,0.6059159860601656,0.1236787930359307,0.0,1.0,-9.416423207869411e-05,0.020938744959799,0.0,1.0,0.0,0.0,0.0,0.0,0.0,0.0,0.086915778694677,-0.0121787637004127,-0.0094728009030108,-0.0067668381056087,35.04984648182342,0.0173496817064817,-0.0539956139136263,-0.0009212356764015,-0.008178450768849,-0.0112952540644389,0.0004025804424456,0.0019570241431872,0.0,-0.0013232833908342,1.0,0.0,0.0,0.0,0.0,0.0,0.0,2640873363,1,1.39,M15_ZONA_A-Horiz_BUY,2026-10-02 22:37:53,-0.0078918679044339,-0.0174254646262575,0.0,3.0,23.665505613882747,1.265499685994072,-0.0180435126904902,-0.0077117546038609
0.0392551535914358,0.2312531163495908,0.7294916042411734,0.0,0.0,0.0024498998977332,0.0225259723002434,0.0,0.0,0.0,0.0,0.0,0.0,0.0,0.0,0.0980906634448288,-0.0129851890282402,-0.0100380360803439,-0.0070908831324478,12.87214067667152,0.0257776585672904,0.1589215417392435,8.875659507423528e-05,7.18263282912801e-05,-0.0024720668268558,0.0003630512000312,0.000451400814484,1.0,-0.0002741950581119,1.0,0.0,0.0,0.0,0.0,0.0,0.0,2641332268,1,0.2,M15_ZONA_A-Diag_BUY,2026-10-02 23:31:57,-0.0089577680255274,-0.0179468459365016,2.0,0.0,28.2285271886166,0.6998376467449988,-0.0133495672622447,-0.0109134423003284
0.5811250344220654,0.0236445120985476,0.395230249647386,0.0,0.0,0.0031169360938684,0.0218422353782154,0.0,0.0,0.0,0.0,0.0,0.0,0.0,0.0,0.1248813914827165,-0.0123078317835651,-0.0093626495213432,-0.0064174672591215,19.64781803281572,0.0275577664425469,0.2425371236551763,0.0007017907028932,0.0007579377900912,0.0007409961948974,-0.0003432920728956,4.9060972977077455e-05,1.0,0.0010454416676259,1.0,0.0,0.0,0.0,0.0,0.0,0.0,2641460710,1,1.54,M15_ZONA_B-Diag_BUY,2026-10-03 00:06:14,-0.0083093263388622,-0.0172923934837245,1.0,0.0,33.74432234317613,0.4287732041428604,-0.0086971770168383,-0.0103505665798599
0.28725604630374324,0.3813364895522936,0.33140735512838587,0.0,0.0,0.0019843506779742195,0.02300317757398249,0.0,0.0,0.0,0.0,0.0,0.0,0.0,0.0,0.07941364342853288,-0.013457941689315902,-0.010509413327036607,-0.00756088496475753,16.099706852732652,0.02865309617760282,0.25212695025907483,-0.0006547309631170783,-0.00043384304651672423,-0.00037775967712938563,0.0005299469071708973,-2.9425034819619e-05,1.0,-0.0011840503864477547,1.0,0.0,0.0,0.0,0.0,0.0,0.0,2641588504,1,2.0,M15_ZONA_B-Horiz_BUY,2026-10-03 00:50:41,-0.009090840600896318,-0.01840361249658495,0.0,2.0,38.14531470165298,0.4572687392374692,-0.006128168801402878,-0.01264913246677557
