Ticket Posisi,Waktu Open,Waktu Close,Durasi,Simbol,Tipe,Lot,Harga Entry,Stop Loss (SL),Take Profit (TP),Harga Exit,Pips (P/L),Profit ($ USD),Hasil,Keterangan / Alasan Exit,Model AI,Skenario Entry,Zona Entry,Tren H4 Entry,Tren DXY Entry,Kondisi Makro News,Probabilitas Model (%),Analisis Diagnostik (Menang/Kalah),Evaluasi & Pembelajaran,Tanggal Evaluasi
2573313197,2026-09-18 22:14:55,2026-09-18 22:38:46,23m 51d,XAUUSD,BUY,0.01,4352.281,4345.281,4369.781,4352.481,2.0,0.2,WIN,Hit Stop Loss (SL),LightGBM M15 v4.1 (Wide SL + RRR 2.5 + Sniper),M15_ZONA_C_SNIPER_BUY,Zona C_SNIPER,UNKNOWN,UNKNOWN,NORMAL,50.0, ✅ [FAKTOR KEMENANGAN]: Exit profit positif,Skenario ini terbukti efektif. Pertahankan konfluensi multi-timeframe dan disiplin hold hingga target.,2026-09-22 21:31:03
2573549087,2026-09-18 22:59:55,2026-09-18 23:29:18,29m 23d,XAUUSD,BUY,0.01,4356.893,4349.893,4374.393,4374.393,175.0,17.5,WIN,Hit Take Profit (TP),LightGBM M15 v4.1 (Wide SL + RRR 2.5 + Sniper),M15_ZONA_C_SNIPER_BUY,Zona C_SNIPER,UNKNOWN,UNKNOWN,NORMAL,50.0, ✅ [FAKTOR KEMENANGAN]: Target Take Profit (TP) tercapai penuh secara sniper,Skenario ini terbukti efektif. Pertahankan konfluensi multi-timeframe dan disiplin hold hingga target.,2026-09-22 21:31:12
2573977759,2026-09-19 00:14:54,2026-09-19 00:34:25,19m 31d,XAUUSD,SELL,0.01,4385.443,4392.443,4374.283,4392.443,-70.0,-7.0,LOSS,Hit Stop Loss (SL),LightGBM M5 v4.1 (Wide SL + Sniper + Anti-Repeat),M5_ZONA_A-Diag_SELL,Zona A-Diag,UNKNOWN,UNKNOWN,NORMAL,50.0, ❌ [ANALISIS KESALAHAN]: Stop Loss tersentuh,"Hindari entry tanpa konfluensi tren H4, pastikan ruang SL memiliki jarak aman dari noise wick.",2026-09-22 23:23:10
2577450981,2026-09-21 07:44:54,2026-09-21 07:51:02,6m 8d,XAUUSD,BUY,0.01,4368.619,4363.431,4380.931,4362.783,-58.4,-5.84,LOSS,Hit Stop Loss (SL),LightGBM M15 v4.1 (Wide SL + RRR 2.5 + Sniper),M15_ZONA_C_SNIPER_BUY,Zona C_SNIPER,BEAR,UNKNOWN,NORMAL,71.9291557458769, ❌ [ANALISIS KESALAHAN]: Stop Loss tersentuh | KESALAHAN: Entry melawan arah tren utama H4,"Hindari entry tanpa konfluensi tren H4, pastikan ruang SL memiliki jarak aman dari noise wick.",2026-09-22 21:31:22
2579837091,2026-09-21 15:44:54,2026-09-21 15:54:56,10m 2d,XAUUSD,BUY,0.01,4357.664,4351.264,4373.664,4351.264,-64.0,-6.4,LOSS,Hit Stop Loss (SL),LightGBM M15 v4.1 (Wide SL + RRR 2.5 + Sniper),M15_ZONA_C_SNIPER_BUY,Zona C_SNIPER,BEAR,UNKNOWN,NORMAL,81.24885709548593, ❌ [ANALISIS KESALAHAN]: Stop Loss tersentuh | KESALAHAN: Entry melawan arah tren utama H4,"Hindari entry tanpa konfluensi tren H4, pastikan ruang SL memiliki jarak aman dari noise wick.",2026-09-22 21:31:33
2583401048,2026-09-22 03:29:55,2026-09-22 05:08:10,1j 38m,XAUUSD,BUY,0.01,4340.675,4336.175,4349.675,4349.675,90.0,9.0,WIN,Hit Take Profit (TP),LightGBM M15 v4.1 (Wide SL + RRR 2.5 + Sniper),M15_ZONA_B-Diag_BUY,Zona B-Diag,BEAR,UNKNOWN,NORMAL,57.21569387806662, ✅ [FAKTOR KEMENANGAN]: Target Take Profit (TP) tercapai penuh secara sniper,Skenario ini terbukti efektif. Pertahankan konfluensi multi-timeframe dan disiplin hold hingga target.,2026-09-22 21:31:44
2584927512,2026-09-22 11:14:55,2026-09-22 12:19:50,1j 4m,XAUUSD,BUY,0.01,4339.094,4332.394,4355.894,4339.294,2.0,0.2,WIN,Hit Stop Loss (SL),LightGBM M15 v4.1 (Wide SL + RRR 2.5 + Sniper),M15_ZONA_A-Horiz_BUY,Zona A-Horiz,BEAR,UNKNOWN,NORMAL,52.2535354662066, ✅ [FAKTOR KEMENANGAN]: Exit profit positif,Skenario ini terbukti efektif. Pertahankan konfluensi multi-timeframe dan disiplin hold hingga target.,2026-09-22 21:31:53
2585747588,2026-09-22 13:59:55,2026-09-22 14:28:34,28m 39d,XAUUSD,BUY,0.01,4318.927,4311.927,4336.427,4319.127,2.0,0.2,WIN,Hit Stop Loss (SL),LightGBM M15 v4.1 (Wide SL + RRR 2.5 + Sniper),M15_ZONA_A-Horiz_BUY,Zona A-Horiz,BEAR,UNKNOWN,NORMAL,52.68443260043703, ✅ [FAKTOR KEMENANGAN]: Exit profit positif,Skenario ini terbukti efektif. Pertahankan konfluensi multi-timeframe dan disiplin hold hingga target.,2026-09-22 21:32:02
2587188646,2026-09-22 17:59:55,2026-09-22 18:55:35,55m 40d,XAUUSD,SELL,0.01,4322.68,4329.969,4305.469,4322.48,2.0,0.2,WIN,Hit Stop Loss (SL),LightGBM M15 v4.1 (Wide SL + RRR 2.5 + Sniper),M15_ZONA_A-Diag_SELL,Zona A-Diag,BEAR,UNKNOWN,NORMAL,52.387349674305646, ✅ [FAKTOR KEMENANGAN]: Exit profit positif | Didukung penuh tren besar H4 (Searah Trend Institusional),Skenario ini terbukti efektif. Pertahankan konfluensi multi-timeframe dan disiplin hold hingga target.,2026-09-22 21:32:12
2591745453,2026-09-23 14:29:55,2026-09-23 15:10:44,40m 49d,XAUUSD,BUY,0.01,4324.741,4317.487,4342.687,4317.487,-72.5,-7.25,LOSS,Hit Stop Loss (SL),LightGBM M15 v4.1 (Wide SL + RRR 2.5 + Sniper),M15_ZONA_A-Horiz_BUY,Zona A-Horiz,BEAR,UNKNOWN,NORMAL,57.21425923786786, ❌ [ANALISIS KESALAHAN]: Stop Loss tersentuh | KESALAHAN: Entry melawan arah tren utama H4,"Hindari entry tanpa konfluensi tren H4, pastikan ruang SL memiliki jarak aman dari noise wick.",2026-09-23 15:10:45
2592236187,2026-09-23 16:44:54,2026-09-23 16:48:34,3m 40d,XAUUSD,BUY,0.01,4316.467,4309.667,4333.467,4309.667,-68.0,-6.8,LOSS,Hit Stop Loss (SL),LightGBM M15 v4.1 (Wide SL + RRR 2.5 + Sniper),M15_ZONA_A-Horiz_BUY,Zona A-Horiz,BEAR,UNKNOWN,NORMAL,51.10519658893553, ❌ [ANALISIS KESALAHAN]: Stop Loss tersentuh | KESALAHAN: Entry melawan arah tren utama H4,"Hindari entry tanpa konfluensi tren H4, pastikan ruang SL memiliki jarak aman dari noise wick.",2026-09-23 16:48:35
2592746187,2026-09-23 18:44:54,2026-09-23 18:48:07,3m 13d,XAUUSD,BUY,0.01,4304.452,4297.352,4322.252,4304.652,2.0,0.2,WIN,Hit Stop Loss (SL),LightGBM M15 v4.1 (Wide SL + RRR 2.5 + Sniper),M15_ZONA_A-Horiz_BUY,Zona A-Horiz,BEAR,UNKNOWN,NORMAL,55.92949657222967, ✅ [FAKTOR KEMENANGAN]: Exit profit positif,Skenario ini terbukti efektif. Pertahankan konfluensi multi-timeframe dan disiplin hold hingga target.,2026-09-23 18:48:08
2592820420,2026-09-23 18:59:55,2026-09-23 19:30:14,30m 19d,XAUUSD,BUY,0.01,4309.479,4303.079,4322.279,4309.679,2.0,0.2,WIN,Hit Stop Loss (SL),LightGBM M15 v4.1 (Wide SL + RRR 2.5 + Sniper),M15_ZONA_B-Diag_BUY,Zona B-Diag,BEAR,UNKNOWN,NORMAL,58.14266687195159, ✅ [FAKTOR KEMENANGAN]: Exit profit positif,Skenario ini terbukti efektif. Pertahankan konfluensi multi-timeframe dan disiplin hold hingga target.,2026-09-23 19:33:03
2593179348,2026-09-23 19:59:54,2026-09-23 20:08:03,8m 9d,XAUUSD,BUY,0.01,4310.338,4302.738,4325.538,4302.738,-76.0,-7.6,LOSS,Hit Stop Loss (SL),LightGBM M15 v4.1 (Wide SL + RRR 2.5 + Sniper),M15_ZONA_B-Diag_BUY,Zona B-Diag,BEAR,UNKNOWN,NORMAL,60.330166937994775, ❌ [ANALISIS KESALAHAN]: Stop Loss tersentuh | KESALAHAN: Entry melawan arah tren utama H4,"Hindari entry tanpa konfluensi tren H4, pastikan ruang SL memiliki jarak aman dari noise wick.",2026-09-23 20:08:05
2595301847,2026-09-24 02:59:55,2026-09-24 06:43:32,3j 43m,XAUUSD,BUY,0.01,4284.755,4276.255,4305.955,4284.955,2.0,0.2,WIN,Hit Stop Loss (SL),LightGBM M15 v4.1 (Trend-Aware + ADX + Volume),M15_ZONA_C_SNIPER_BUY,Zona C_SNIPER,BEAR,UNKNOWN,NORMAL,71.67923417777037, ✅ [FAKTOR KEMENANGAN]: Exit profit positif,Skenario ini terbukti efektif. Pertahankan konfluensi multi-timeframe dan disiplin hold hingga target.,2026-09-24 06:43:33
2596572850,2026-09-24 11:14:55,2026-09-24 12:31:55,1j 17m,XAUUSD,BUY,0.01,4285.272,4276.772,4306.472,4285.472,2.0,0.2,WIN,Hit Stop Loss (SL),LightGBM M15 v4.1 (Trend-Aware + ADX + Volume),M15_ZONA_C_SNIPER_BUY,Zona C_SNIPER,BEAR,UNKNOWN,NORMAL,71.49298235225024, ✅ [FAKTOR KEMENANGAN]: Exit profit positif,Skenario ini terbukti efektif. Pertahankan konfluensi multi-timeframe dan disiplin hold hingga target.,2026-09-24 12:31:58
2596946151,2026-09-24 12:59:54,2026-09-24 13:35:57,36m 3d,XAUUSD,BUY,0.01,4279.52,4271.42,4299.72,4279.72,2.0,0.2,WIN,Hit Stop Loss (SL),LightGBM M15 v4.1 (Trend-Aware + ADX + Volume),M15_ZONA_A-Diag_BUY,Zona A-Diag,BEAR,UNKNOWN,NORMAL,70.93544961398436, ✅ [FAKTOR KEMENANGAN]: Exit profit positif,Skenario ini terbukti efektif. Pertahankan konfluensi multi-timeframe dan disiplin hold hingga target.,2026-09-24 13:35:58
2597157735,2026-09-24 13:44:55,2026-09-24 14:50:04,1j 5m,XAUUSD,BUY,0.01,4278.702,4271.302,4297.202,4278.902,2.0,0.2,WIN,Hit Stop Loss (SL),LightGBM M15 v4.1 (Trend-Aware + ADX + Volume),M15_ZONA_A-Diag_BUY,Zona A-Diag,BEAR,UNKNOWN,NORMAL,68.00231861507318, ✅ [FAKTOR KEMENANGAN]: Exit profit positif,Skenario ini terbukti efektif. Pertahankan konfluensi multi-timeframe dan disiplin hold hingga target.,2026-09-24 14:50:07
2597949075,2026-09-24 16:14:55,2026-09-24 16:30:23,15m 28d,XAUUSD,BUY,0.01,4263.299,4254.865,4284.565,4254.865,-84.3,-8.43,LOSS,Hit Stop Loss (SL),LightGBM M15 v4.1 (Trend-Aware + ADX + Volume),M15_ZONA_A-Diag_BUY,Zona A-Diag,BEAR,UNKNOWN,NORMAL,59.28084784842216, ❌ [ANALISIS KESALAHAN]: Stop Loss tersentuh | KESALAHAN: Entry melawan arah tren utama H4,"Hindari entry tanpa konfluensi tren H4, pastikan ruang SL memiliki jarak aman dari noise wick.",2026-09-24 16:30:24
2598448052,2026-09-24 17:44:54,2026-09-24 17:51:29,6m 35d,XAUUSD,BUY,0.01,4259.055,4251.492,4274.292,4259.255,2.0,0.2,WIN,Hit Stop Loss (SL),LightGBM M15 v4.1 (Trend-Aware + ADX + Volume),M15_ZONA_B-Diag_BUY,Zona B-Diag,BEAR,UNKNOWN,NORMAL,53.322151893794114, ✅ [FAKTOR KEMENANGAN]: Exit profit positif,Skenario ini terbukti efektif. Pertahankan konfluensi multi-timeframe dan disiplin hold hingga target.,2026-09-24 17:51:31
2600157994,2026-09-24 22:44:54,2026-09-24 22:55:44,10m 50d,XAUUSD,BUY,0.01,4255.261,4247.661,4270.461,4255.461,2.0,0.2,WIN,Hit Stop Loss (SL),LightGBM M15 v4.1 (Trend-Aware + ADX + Volume),M15_ZONA_B-Diag_BUY,Zona B-Diag,BEAR,UNKNOWN,NORMAL,52.57343424140765, ✅ [FAKTOR KEMENANGAN]: Exit profit positif,Skenario ini terbukti efektif. Pertahankan konfluensi multi-timeframe dan disiplin hold hingga target.,2026-09-24 22:55:46
2600228870,2026-09-24 22:59:54,2026-09-24 23:16:17,16m 23d,XAUUSD,BUY,0.01,4256.853,4249.253,4272.053,4272.053,152.0,15.2,WIN,Hit Take Profit (TP),LightGBM M15 v4.1 (Structural RRR + 30D HTF),M15_ZONA_B-Diag_BUY,Zona B-Diag,BEAR,UNKNOWN,NORMAL,53.365170210364056, ✅ [FAKTOR KEMENANGAN]: Target Take Profit (TP) tercapai penuh secara sniper,Skenario ini terbukti efektif. Pertahankan konfluensi multi-timeframe dan disiplin hold hingga target.,2026-09-24 23:18:20
2600670946,2026-09-24 23:59:54,2026-09-25 01:25:34,1j 25m,XAUUSD,SELL,0.01,4273.707,4282.596,4253.696,4273.507,2.0,0.2,WIN,Hit Stop Loss (SL),LightGBM M15 v4.1 (Structural RRR + 30D HTF),M15_ZONA_C_SELL,Zona C,BEAR,UNKNOWN,NORMAL,54.191850176659514, ✅ [FAKTOR KEMENANGAN]: Exit profit positif | Didukung penuh tren besar H4 (Searah Trend Institusional),Skenario ini terbukti efektif. Pertahankan konfluensi multi-timeframe dan disiplin hold hingga target.,2026-09-25 01:25:38
