config,swing,rsi,bb,fibo,atr,h1_ema,h4_ema,trades,wins,losses,beps,wr,net_pnl
H1_EMA=10/50,20,14,20,100,14,10/50,50/200,734,346,375,13,47.13896457765668,479.17
H1_EMA=20/100,20,14,20,100,14,20/100,50/200,894,407,472,15,45.52572706935123,430.8
BB=10,20,14,10,100,14,50/200,50/200,746,333,403,10,44.638069705093834,287.4799999999999
Swing=20,20,14,20,100,14,50/200,50/200,803,364,430,9,45.33001245330012,268.11000000000007
RSI=10,20,10,20,100,14,50/200,50/200,784,358,417,9,45.66326530612245,228.88999999999996
H4_EMA=20/100,20,14,20,100,14,50/200,20/100,656,294,355,7,44.81707317073171,168.20999999999995
Swing=15,15,14,20,100,14,50/200,50/200,825,359,454,12,43.515151515151516,100.4900000000001
RSI=7,20,7,20,100,14,50/200,50/200,806,354,444,8,43.920595533498755,99.64999999999998
Fibo=75,20,14,20,75,14,50/200,50/200,747,324,412,11,43.373493975903614,72.84
ATR=10,20,14,20,100,10,50/200,50/200,834,369,457,8,44.24460431654676,62.40000000000005
COMBO:Sw10_BB15_Fb75_H110_H420,10,14,15,75,14,10/50,20/100,699,304,387,8,43.490701001430615,47.030000000000015
Swing=30,30,14,20,100,14,50/200,50/200,859,371,475,13,43.189755529685684,45.16000000000008
BB=15,20,14,15,100,14,50/200,50/200,765,329,428,8,43.00653594771242,17.879999999999942
COMBO:Sw10_BB15_Fb75_H120_H420,10,14,15,75,14,20/100,20/100,722,310,400,12,42.93628808864266,15.200000000000017
RSI=21,20,21,20,100,14,50/200,50/200,783,335,435,13,42.78416347381865,13.339999999999971
COMBO:Sw10_BB15_Fb75_H150_H450,10,14,15,75,14,50/200,50/200,818,352,458,8,43.03178484107579,-12.229999999999993
COMBO:Sw10_BB15_Fb75_H150_H420,10,14,15,75,14,50/200,20/100,706,298,398,10,42.20963172804532,-38.78999999999992
COMBO:Sw10_BB15_Fb75_H120_H450,10,14,15,75,14,20/100,50/200,914,388,512,14,42.4507658643326,-51.28
Fibo=50,20,14,20,50,14,50/200,50/200,786,335,439,12,42.62086513994911,-51.80000000000008
Swing=10,10,14,20,100,14,50/200,50/200,853,361,478,14,42.32121922626026,-60.24999999999996
COMBO:Sw10_BB15_Fb75_H110_H450,10,14,15,75,14,10/50,50/200,826,345,466,15,41.767554479418884,-104.58999999999999
H4_EMA=10/50,20,14,20,100,14,50/200,10/50,757,313,426,18,41.34742404227213,-130.43
ATR=7,20,14,20,100,7,50/200,50/200,760,312,438,10,41.05263157894737,-170.70000000000007
Fibo=150,20,14,20,150,14,50/200,50/200,829,343,476,10,41.3751507840772,-183.29999999999976
COMBO:Sw10_BB15_Fb75_H110_H410,10,14,15,75,14,10/50,10/50,869,353,500,16,40.62140391254315,-215.51000000000005
BB=30,20,14,30,100,14,50/200,50/200,799,323,467,9,40.42553191489361,-219.21999999999997
COMBO:Sw10_BB15_Fb75_H120_H410,10,14,15,75,14,20/100,10/50,924,381,524,19,41.23376623376623,-228.59000000000023
COMBO:Sw10_BB15_Fb75_H150_H410,10,14,15,75,14,50/200,10/50,879,352,506,21,40.045506257110354,-309.9900000000003
ATR=21,20,14,20,100,21,50/200,50/200,744,292,442,10,39.247311827956985,-403.19999999999993
