name,trades,wins,losses,beps,wr,pnl
10. Sinergi D + ATR 10 / ADX 10 (Fast Volatility),663,319,334,10,48.114630467571644,441.6999999999994
"2. Juara Terkini Sinergi D (H1 10/50, H4 20/100, BB 10, RSI 14)",629,292,326,11,46.42289348171701,288.0499999999999
9. Sinergi D + BB 14 (Standard 14 BB),607,280,316,11,46.12850082372323,287.37
7. Sinergi D + BB 8 (Ultra-fast BB),613,282,321,10,46.00326264274062,275.9499999999998
15. Sinergi D + Volume Window 30 (Broad Spike),684,304,368,12,44.44444444444444,213.86
4. Sinergi D + RSI 12 (Intermediate RSI),630,284,336,10,45.07936507936508,203.48999999999998
"13. Sinergi D + H1 (12, 48) (Exact 3h/12h Cycle)",638,288,340,10,45.141065830721004,195.91999999999976
11. Sinergi D + ATR 20 / ADX 20 (Smoothed Volatility),670,303,358,9,45.223880597014926,190.43999999999963
3. Sinergi D + RSI 9 (Fast RSI),602,268,325,9,44.518272425249165,155.25000000000003
8. Sinergi D + BB 12 (Balanced BB),643,286,346,11,44.47900466562986,142.43
14. Sinergi D + Volume Window 10 (Fast Spike),645,286,349,10,44.34108527131783,120.58999999999995
5. Sinergi D + RSI 16 (Smoothed RSI),591,261,319,11,44.16243654822335,80.88
"1. Baseline Saat Ini (H1 50/200, H4 50/200, BB 20, RSI 14)",834,363,458,13,43.52517985611511,69.18
6. Sinergi D + RSI 21 (Long-period RSI),596,262,327,7,43.95973154362416,47.12000000000003
"12. Sinergi D + H1 (8, 34) (Fibonacci EMA Pair)",643,276,358,9,42.92379471228615,37.39000000000003
